City_ID,City,Country,Date,Lat,Lng,Max Temp,Humidity,Cloudiness,Wind Speed
0,Rikitea,PF,2021-01-27 19:59:20,-23.1203,-134.9692,79.23,77,17,14.34
1,Thunder Bay,CA,2021-01-27 19:55:47,48.4001,-89.3168,5.0,60,20,9.22
2,Malindi,KE,2021-01-27 19:59:21,-3.2175,40.1191,77.22,86,0,13.22
3,La Paz,BO,2021-01-27 19:55:07,-16.5,-68.15,62.6,27,40,9.22
4,Coihaique,CL,2021-01-27 19:59:21,-45.5752,-72.0662,55.4,54,75,10.36
5,Port Elizabeth,ZA,2021-01-27 19:59:21,-33.918,25.5701,66.2,88,75,8.05
6,Saint-Pierre,RE,2021-01-27 19:59:22,-21.3393,55.4781,78.8,69,0,4.61
7,Lazaro Cardenas,MX,2021-01-27 19:59:22,17.9583,-102.2,81.55,64,33,8.23
8,Lebu,CL,2021-01-27 19:59:22,-37.6167,-73.65,61.23,68,100,10.96
9,Ushuaia,AR,2021-01-27 19:58:32,-54.8,-68.3,44.6,70,75,17.27
10,Jamestown,US,2021-01-27 19:59:23,42.097,-79.2353,25.0,79,90,6.22
11,Punta Arenas,CL,2021-01-27 19:57:17,-53.15,-70.9167,48.2,57,75,24.16
12,Castro,BR,2021-01-27 19:58:10,-24.7911,-50.0119,73.09,83,100,8.79
13,Tucumcari,US,2021-01-27 19:59:23,35.1717,-103.725,30.2,80,1,4.81
14,Ribeira Grande,PT,2021-01-27 19:59:23,38.5167,-28.7,60.8,82,75,27.63
15,Si Bun Ruang,TH,2021-01-27 19:59:24,16.9667,102.2833,71.01,68,6,1.1
16,Hithadhoo,MV,2021-01-27 19:58:40,-0.6,73.0833,81.03,80,72,15.41
17,Gelemso,ET,2021-01-27 19:59:24,8.8167,40.5167,59.32,34,0,2.82
18,Suntar,RU,2021-01-27 19:59:24,62.1444,117.6319,-46.12,78,94,2.06
19,Torbay,CA,2021-01-27 19:57:15,47.6666,-52.7314,30.0,86,75,11.5
20,Diego De Almagro,CL,2021-01-27 19:59:25,-26.3667,-70.05,85.57,17,4,15.39
21,Puerto Ayora,EC,2021-01-27 19:59:25,-0.7393,-90.3518,84.2,70,40,18.41
22,Hilo,US,2021-01-27 19:58:37,19.7297,-155.09,71.6,88,90,8.05
23,Avarua,CK,2021-01-27 19:58:54,-21.2078,-159.775,86.0,70,20,18.41
24,Qaanaaq,GL,2021-01-27 19:59:26,77.484,-69.3632,-14.87,64,0,7.31
25,Livingston,GB,2021-01-27 19:59:26,55.9029,-3.5226,39.2,93,90,8.05
26,Saint George,US,2021-01-27 19:55:28,37.1041,-113.5841,43.0,56,90,16.11
27,Papagaios,BR,2021-01-27 19:59:26,-19.4492,-44.7478,79.45,60,24,6.26
28,Kidal,ML,2021-01-27 19:59:26,18.4411,1.4078,70.95,17,0,10.13
29,Deputatskiy,RU,2021-01-27 19:59:27,69.3,139.9,-22.97,89,100,2.24
30,The Valley,AI,2021-01-27 19:59:27,18.217,-63.0578,82.4,65,20,16.11
31,Pevek,RU,2021-01-27 19:59:27,69.7008,170.3133,-24.36,87,100,3.74
32,Dingle,PH,2021-01-27 19:59:27,10.9995,122.6711,74.89,90,100,7.76
33,Tuatapere,NZ,2021-01-27 19:59:28,-46.1333,167.6833,51.01,86,100,14.0
34,Arifwala,PK,2021-01-27 19:59:28,30.294,73.0735,50.88,37,0,3.22
35,San Juan Chamelco,GT,2021-01-27 19:59:28,15.4333,-90.3333,80.6,50,0,9.22
36,Codrington,AU,2021-01-27 19:59:28,-38.2667,141.9667,58.28,85,71,10.18
37,Ascension,US,2021-01-27 19:59:29,30.2169,-90.9001,66.2,68,40,11.5
38,Banda Aceh,ID,2021-01-27 19:59:29,5.5577,95.3222,77.5,82,44,3.8
39,Spring Valley,US,2021-01-27 19:59:29,36.108,-115.245,48.99,57,75,6.91
40,Waingapu,ID,2021-01-27 19:59:29,-9.6567,120.2641,77.76,82,100,9.35
41,Albany,US,2021-01-27 19:59:29,42.6001,-73.9662,30.99,62,93,13.0
42,Ponta Do Sol,PT,2021-01-27 19:59:30,32.6667,-17.1,62.6,88,40,8.05
43,Mataura,NZ,2021-01-27 19:59:30,-46.1927,168.8643,51.01,86,93,14.0
44,Huntington,US,2021-01-27 19:59:30,38.4193,-82.4452,37.99,64,90,6.91
45,Jiuquan,CN,2021-01-27 19:59:30,39.7432,98.5174,18.81,73,0,1.95
46,Hermanus,ZA,2021-01-27 19:58:37,-34.4187,19.2345,62.01,80,34,6.76
47,Leningradskiy,RU,2021-01-27 19:59:08,69.3833,178.4167,-17.34,87,100,3.53
48,Hobart,AU,2021-01-27 19:58:33,-42.8794,147.3294,55.0,54,75,5.75
49,Ulladulla,AU,2021-01-27 19:59:31,-35.35,150.4667,66.99,88,90,5.75
50,Tuktoyaktuk,CA,2021-01-27 19:58:35,69.4541,-133.0374,-20.2,76,40,6.91
51,Sebeta,ET,2021-01-27 19:59:32,8.9167,38.6167,54.12,38,0,2.71
52,Yellowknife,CA,2021-01-27 19:59:32,62.456,-114.3525,-9.99,77,90,3.44
53,Scarborough,GB,2021-01-27 19:59:33,54.2797,-0.4044,39.0,93,98,7.31
54,Nicoya,CR,2021-01-27 19:59:33,10.1483,-85.452,93.2,40,20,16.11
55,Zhanaozen,KZ,2021-01-27 19:59:33,43.3,52.8,30.29,87,0,22.1
56,Mar Del Plata,AR,2021-01-27 19:59:12,-38.0023,-57.5575,71.6,49,0,12.66
57,Vila,PT,2021-01-27 19:59:34,42.0304,-8.1588,52.0,96,100,5.1
58,Katsuura,JP,2021-01-27 19:59:34,35.1333,140.3,44.6,65,75,9.22
59,Lerwick,GB,2021-01-27 19:59:34,60.1545,-1.1494,33.8,86,20,10.36
60,Fort Nelson,CA,2021-01-27 19:59:34,58.8053,-122.7002,-7.6,64,20,9.22
61,Adrar,MR,2021-01-27 19:58:54,20.5022,-10.0711,71.22,20,0,9.6
62,Port Alfred,ZA,2021-01-27 19:59:35,-33.5906,26.891,64.99,94,16,1.01
63,Dikson,RU,2021-01-27 19:59:35,73.5069,80.5464,-20.16,86,100,8.95
64,Talnakh,RU,2021-01-27 19:58:36,69.4865,88.3972,-23.24,84,100,4.45
65,Faanui,PF,2021-01-27 19:59:36,-16.4833,-151.75,81.28,72,95,15.35
66,Busselton,AU,2021-01-27 19:58:28,-33.65,115.3333,48.99,89,0,9.46
67,Cape Town,ZA,2021-01-27 19:59:33,-33.9258,18.4232,66.99,68,0,17.27
68,Bluff,NZ,2021-01-27 19:58:32,-46.6,168.3333,51.01,86,100,14.0
69,Coquimbo,CL,2021-01-27 19:59:37,-29.9533,-71.3436,68.0,64,0,16.11
70,Kruisfontein,ZA,2021-01-27 19:59:37,-34.0033,24.7314,64.99,83,94,1.99
71,Aksu,CN,2021-01-27 19:59:37,41.1231,80.2644,17.42,87,0,1.12
72,Pingliang,CN,2021-01-27 19:59:37,35.5392,106.6861,24.31,77,17,1.48
73,Brigantine,US,2021-01-27 19:56:53,39.4101,-74.3646,39.2,56,90,18.41
74,Pisco,PE,2021-01-27 19:59:38,-13.7,-76.2167,77.0,61,0,9.22
75,Port-Gentil,GA,2021-01-27 19:55:37,-0.7193,8.7815,77.0,94,20,1.14
76,Wajima,JP,2021-01-27 19:59:38,37.4,136.9,40.1,71,100,17.36
77,Tokur,RU,2021-01-27 19:59:38,53.1333,132.9,-22.18,89,100,1.32
78,Barrow,US,2021-01-27 19:59:39,71.2906,-156.7887,-9.4,70,90,4.61
79,Carnarvon,AU,2021-01-27 19:59:39,-24.8667,113.6333,71.6,88,0,18.41
80,Bucerias,MX,2021-01-27 19:59:39,20.75,-105.3333,79.12,48,26,7.52
81,Yumen,CN,2021-01-27 19:59:39,40.2833,97.2,18.41,73,0,1.16
82,Portland,US,2021-01-27 19:56:13,45.5234,-122.6762,43.0,81,75,3.4
83,Wilmington,US,2021-01-27 19:57:32,34.2257,-77.9447,53.6,87,90,4.38
84,Bobcaygeon,CA,2021-01-27 19:59:40,44.5462,-78.542,23.0,74,1,11.5
85,Muros,ES,2021-01-27 19:58:45,42.7762,-9.0603,57.99,92,100,7.0
86,Bathsheba,BB,2021-01-27 19:54:51,13.2167,-59.5167,82.4,65,75,18.41
87,Buraydah,SA,2021-01-27 19:56:04,26.326,43.975,64.4,48,0,9.22
88,Bredasdorp,ZA,2021-01-27 19:57:14,-34.5322,20.0403,60.8,63,98,3.44
89,Poum,NC,2021-01-27 19:59:41,-20.2333,164.0167,79.61,77,8,14.27
90,Milkovo,RU,2021-01-27 19:59:41,54.7167,158.6167,1.06,84,0,0.96
91,Nanortalik,GL,2021-01-27 19:59:41,60.1432,-45.2371,24.93,90,100,0.67
92,Naze,JP,2021-01-27 19:59:42,28.3667,129.4833,56.68,74,46,11.77
93,Strezhevoy,RU,2021-01-27 19:59:42,60.7333,77.5889,-27.4,75,0,2.24
94,Lagoa,PT,2021-01-27 19:59:42,39.05,-27.9833,60.82,83,100,33.46
95,Keti Bandar,PK,2021-01-27 19:59:42,24.1447,67.4497,63.48,63,0,8.95
96,New Norfolk,AU,2021-01-27 19:58:35,-42.7826,147.0587,55.0,60,100,0.16
97,Petauke,ZM,2021-01-27 19:59:43,-14.2426,31.3253,66.47,94,59,2.28
98,Kodiak,US,2021-01-27 19:59:43,57.79,-152.4072,30.2,80,90,3.51
99,Zhezkazgan,KZ,2021-01-27 19:59:43,47.8043,67.7144,11.7,97,50,6.15
100,Severo-Kurilsk,RU,2021-01-27 19:58:54,50.6789,156.125,26.38,94,100,11.25
101,Guatavita,CO,2021-01-27 19:59:44,4.9366,-73.8331,68.0,40,40,5.75
102,Sorland,NO,2021-01-27 19:59:44,67.667,12.6934,33.8,75,40,16.11
103,Saint-Philippe,RE,2021-01-27 19:59:44,-21.3585,55.7679,78.8,69,0,4.61
104,Shinshiro,JP,2021-01-27 19:59:44,34.9,137.5,46.99,68,98,1.66
105,Geraldton,AU,2021-01-27 19:58:51,-28.7667,114.6,64.4,72,0,9.22
106,Arona,ES,2021-01-27 19:59:45,28.0996,-16.681,68.0,88,40,5.75
107,Carberry,CA,2021-01-27 19:59:45,49.8689,-99.3602,-9.4,70,75,6.91
108,Jizan,SA,2021-01-27 19:59:45,17.3333,42.6667,77.0,73,0,5.75
109,Mezen,RU,2021-01-27 19:59:45,65.8522,44.24,15.49,97,99,6.96
110,Gorontalo,ID,2021-01-27 19:59:46,0.5412,123.0595,75.06,86,100,3.98
111,Petlawad,IN,2021-01-27 19:59:46,23.0,74.8,56.05,35,0,10.65
112,Antalaha,MG,2021-01-27 19:59:46,-14.9003,50.2788,76.96,79,1,1.23
113,Broken Hill,AU,2021-01-27 19:59:46,-31.95,141.4333,69.8,49,96,6.91
114,Saskylakh,RU,2021-01-27 19:59:47,71.9167,114.0833,-43.82,79,75,1.68
115,Vaini,TO,2021-01-27 19:59:47,-21.2,-175.2,73.4,94,75,13.8
116,Bengkulu,ID,2021-01-27 19:59:47,-3.8004,102.2655,74.61,93,100,8.61
117,Half Moon Bay,US,2021-01-27 19:59:47,37.4636,-122.4286,54.0,87,1,11.5
118,Atuona,PF,2021-01-27 19:59:48,-9.8,-139.0333,78.3,78,1,16.13
119,Buala,SB,2021-01-27 19:59:26,-8.145,159.5921,81.14,80,100,10.96
120,Saint-Paul,RE,2021-01-27 19:59:48,-21.0096,55.2707,77.0,83,0,8.05
121,Tilichiki,RU,2021-01-27 19:59:30,60.4667,166.1,-9.22,91,100,9.84
122,Sol-Iletsk,RU,2021-01-27 19:59:48,51.1631,54.9918,15.22,94,15,11.7
123,Maumere,ID,2021-01-27 19:59:49,-8.6199,122.2111,80.33,80,100,11.83
124,Kenai,US,2021-01-27 19:59:49,60.5544,-151.2583,10.0,85,1,3.44
125,Harnai,PK,2021-01-27 19:59:49,30.1005,67.9374,45.68,40,0,2.35
126,Kamenka,RU,2021-01-27 19:59:49,51.3223,42.7678,33.01,96,100,7.0
127,Cidreira,BR,2021-01-27 19:58:48,-30.1811,-50.2056,76.24,86,100,8.9
128,Huarmey,PE,2021-01-27 19:59:50,-10.0681,-78.1522,75.72,66,100,10.45
129,Werda,BW,2021-01-27 19:59:50,-25.2667,23.2833,78.31,31,84,8.16
130,Sur,OM,2021-01-27 19:59:50,22.5667,59.5289,67.32,72,0,8.55
131,La Ronge,CA,2021-01-27 19:59:50,55.1001,-105.2842,-2.2,65,16,8.05
132,Pangai,TO,2021-01-27 19:59:51,-19.8,-174.35,75.2,94,90,6.91
133,Puro,PH,2021-01-27 19:59:51,12.4841,123.3827,77.56,85,100,11.77
134,Isangel,VU,2021-01-27 19:59:51,-19.55,169.2667,80.6,81,100,17.4
135,Sayyan,YE,2021-01-27 19:59:05,15.1718,44.3244,45.1,51,0,3.78
136,Sosva,RU,2021-01-27 19:59:52,59.1766,61.8558,23.68,97,100,9.06
137,Somerton,US,2021-01-27 19:59:52,32.5964,-114.7097,57.2,38,20,11.5
138,Norman Wells,CA,2021-01-27 19:59:52,65.282,-126.8329,-29.2,68,75,2.3
139,Vao,NC,2021-01-27 19:59:52,-22.6667,167.4833,77.94,84,100,19.75
140,Kandrian,PG,2021-01-27 19:59:53,-6.2167,149.55,79.47,84,100,9.86
141,Nhulunbuy,AU,2021-01-27 19:55:17,-12.2333,136.7667,78.8,89,34,5.75
142,Trelew,AR,2021-01-27 19:59:53,-43.249,-65.3051,72.73,24,100,16.96
143,Valley City,US,2021-01-27 19:59:53,46.9233,-98.0032,-0.4,85,90,10.36
144,Russell,US,2021-01-27 19:59:53,32.3502,-85.1999,61.0,67,90,13.8
145,Thompson,CA,2021-01-27 19:56:01,55.7435,-97.8558,-13.0,84,40,3.44
146,Mount Isa,AU,2021-01-27 19:59:54,-20.7333,139.5,80.6,69,75,3.44
147,Port Lincoln,AU,2021-01-27 19:59:54,-34.7333,135.8667,64.51,81,68,8.1
148,Arraial Do Cabo,BR,2021-01-27 19:59:54,-22.9661,-42.0278,87.8,58,0,28.77
149,Emilio Carranza,MX,2021-01-27 19:59:55,19.9711,-96.6114,73.72,86,88,16.42
150,Butaritari,KI,2021-01-27 19:59:55,3.0707,172.7902,80.56,79,100,11.14
151,Nome,US,2021-01-27 19:59:55,64.5011,-165.4064,12.2,73,1,4.61
152,Airai,TL,2021-01-27 19:59:55,-8.9266,125.4092,61.45,100,100,3.38
153,Mtwango,TZ,2021-01-27 19:59:56,-9.0167,34.8,58.84,99,59,4.03
154,Lima,PE,2021-01-27 19:56:49,-12.0432,-77.0282,75.99,69,0,5.75
155,Cabadiangan,PH,2021-01-27 19:59:56,9.7531,122.4739,74.35,85,100,4.14
156,Omboue,GA,2021-01-27 19:59:56,-1.5746,9.2618,76.8,87,96,2.71
157,Leshukonskoye,RU,2021-01-27 19:59:56,64.8989,45.7622,27.0,99,100,3.67
158,Asau,RO,2021-01-27 19:59:00,46.4333,26.4,33.01,42,100,6.55
159,Alakurtti,RU,2021-01-27 19:59:57,66.9672,30.3491,11.39,95,100,7.09
160,Margate,GB,2021-01-27 19:59:57,51.3813,1.3862,48.0,85,100,4.65
161,Longyearbyen,SJ,2021-01-27 19:59:57,78.2186,15.6401,8.6,61,20,17.27
162,Port Blair,IN,2021-01-27 19:59:57,11.6667,92.75,78.8,81,75,10.6
163,Krasnokamensk,RU,2021-01-27 19:59:58,50.0979,118.0369,-21.59,81,39,5.03
164,Lata,PT,2021-01-27 19:59:58,40.1629,-8.3327,57.99,94,99,1.95
165,San Lorenzo,PY,2021-01-27 19:59:58,-25.3333,-57.5333,87.8,66,75,5.75
166,Kaitangata,NZ,2021-01-27 19:58:38,-46.2817,169.8464,55.0,68,41,10.0
167,Hofn,IS,2021-01-27 19:59:58,64.2539,-15.2082,26.6,59,0,12.66
168,Faya,SA,2021-01-27 19:59:26,18.3851,42.4509,59.0,44,0,4.61
169,Luwuk,ID,2021-01-27 19:59:59,-0.9516,122.7875,78.89,69,100,3.69
170,Stanger,ZA,2021-01-27 19:59:59,-29.3282,31.2895,71.6,88,75,11.5
171,Bambous Virieux,MU,2021-01-27 19:59:59,-20.3428,57.7575,78.01,83,20,4.61
172,Semey,KZ,2021-01-27 20:00:00,50.4111,80.2275,21.72,97,100,7.34
173,Praia Da Vitoria,PT,2021-01-27 20:00:00,38.7333,-27.0667,59.0,100,75,26.06
174,Arcata,US,2021-01-27 19:57:45,40.8665,-124.0828,46.99,81,90,8.05
175,Okha,RU,2021-01-27 20:00:01,53.5739,142.9478,9.64,95,100,15.61
176,Coahuayana,MX,2021-01-27 20:00:01,18.7333,-103.6833,86.63,47,12,6.22
177,Najran,SA,2021-01-27 20:00:03,17.4924,44.1277,59.0,36,0,2.59
178,Kuntaur,GM,2021-01-27 20:00:07,13.6667,-14.8833,84.27,11,0,7.87
179,Khatanga,RU,2021-01-27 20:00:08,71.9667,102.5,-29.58,80,0,7.34
180,Saint-Joseph,RE,2021-01-27 20:00:08,-21.3667,55.6167,78.8,69,0,4.61
181,Salinopolis,BR,2021-01-27 20:00:09,-0.6136,-47.3561,80.74,82,88,8.41
182,Chiang Klang,TH,2021-01-27 20:00:10,19.2938,100.8617,68.47,55,2,1.3
183,Vardo,NO,2021-01-27 20:00:10,70.3705,31.1107,26.6,63,75,24.16
184,Los Llanos De Aridane,ES,2021-01-27 20:00:11,28.6585,-17.9182,66.2,77,75,8.05
185,Mahebourg,MU,2021-01-27 20:00:13,-20.4081,57.7,75.2,83,20,4.61
186,Carauari,BR,2021-01-27 19:56:45,-4.8828,-66.8958,83.19,83,78,2.86
187,Dustlik,UZ,2021-01-27 20:00:14,40.5247,68.0358,35.15,81,0,1.5
188,Sao Joao Da Barra,BR,2021-01-27 20:00:14,-21.6403,-41.0511,86.0,45,0,25.32
189,Raigarh,IN,2021-01-27 20:00:15,21.9,83.4,63.28,51,3,6.2
190,Lorengau,PG,2021-01-27 20:00:16,-2.0226,147.2712,82.54,78,100,9.91
191,Mahajanga,MG,2021-01-27 20:00:16,-15.7167,46.3167,82.4,78,20,8.05
192,Aripuana,BR,2021-01-27 20:00:17,-9.1667,-60.6333,85.84,64,67,0.4
193,Sitka,US,2021-01-27 20:00:17,57.0531,-135.33,26.6,39,1,4.61
194,Alexandria,EG,2021-01-27 20:00:17,31.2156,29.9553,59.0,58,40,13.8
195,Provideniya,RU,2021-01-27 20:00:18,64.3833,-173.3,-0.26,89,97,24.56
196,Dwarka,IN,2021-01-27 20:00:19,22.2394,68.9678,66.67,42,0,11.21
197,Jati,PK,2021-01-27 20:00:19,24.3539,68.2671,56.16,36,0,6.78
198,Alugan,PH,2021-01-27 20:00:20,12.2188,125.4808,78.53,85,100,11.7
199,Sisimiut,GL,2021-01-27 20:00:20,66.9395,-53.6735,7.65,78,0,10.29
200,Watrous,CA,2021-01-27 20:00:20,51.6668,-105.4679,-4.0,77,94,16.11
201,Nizhniy Odes,RU,2021-01-27 20:00:21,63.6445,54.856,22.75,97,100,9.15
202,Prince Rupert,CA,2021-01-27 20:00:12,54.3161,-130.3201,33.8,80,90,5.75
203,Luanda,AO,2021-01-27 20:00:22,-8.8368,13.2343,82.4,74,20,9.22
204,Douglas,US,2021-01-27 20:00:23,41.3,-96.167,26.6,63,1,3.44
205,Komyshnya,UA,2021-01-27 20:00:24,50.1859,33.684,32.58,98,100,12.5
206,Whitecourt,CA,2021-01-27 20:00:24,54.1502,-115.6855,3.2,72,90,3.33
207,Biak,ID,2021-01-27 20:00:24,-0.9131,122.8766,77.38,73,99,4.41
208,Chuy,UY,2021-01-27 19:58:41,-33.6971,-53.4616,79.45,69,4,11.95
209,Tandil,AR,2021-01-27 20:00:05,-37.3217,-59.1332,93.99,21,0,1.99
210,Beringovskiy,RU,2021-01-27 19:58:34,63.05,179.3167,16.5,96,100,28.34
211,Mayo,US,2021-01-27 19:59:21,38.8876,-76.5119,44.01,52,90,14.97
212,Upernavik,GL,2021-01-27 20:00:25,72.7868,-56.1549,-1.73,91,100,2.91
213,Georgetown,MY,2021-01-27 19:59:16,5.4112,100.3354,79.0,94,40,2.3
214,Loikaw,MM,2021-01-27 20:00:26,19.6742,97.2094,59.27,57,0,3.38
215,Lompoc,US,2021-01-27 19:55:58,34.6391,-120.4579,51.8,87,90,17.27
216,Pecos,US,2021-01-27 20:00:27,31.4229,-103.4932,53.6,16,1,5.75
217,Luderitz,NA,2021-01-27 20:00:27,-26.6481,15.1594,68.0,60,0,29.71
218,Westerville,US,2021-01-27 20:00:28,40.1262,-82.9291,34.0,69,90,10.36
219,Vilyuysk,RU,2021-01-27 20:00:28,63.7553,121.6247,-47.78,77,97,3.2
220,Salalah,OM,2021-01-27 20:00:28,17.0151,54.0924,73.4,68,0,1.14
221,Kapaa,US,2021-01-27 20:00:28,22.0752,-159.319,75.99,83,75,18.41
222,La Serena,CL,2021-01-27 19:57:09,-29.9078,-71.2542,68.0,64,0,16.11
223,Arlit,NE,2021-01-27 20:00:29,18.7369,7.3853,68.41,20,0,7.05
224,Erie,US,2021-01-27 20:00:29,42.7667,-78.6664,28.0,90,100,8.95
225,North Bend,US,2021-01-27 20:00:29,43.4065,-124.2243,42.8,87,90,11.3
226,Nirmal,IN,2021-01-27 20:00:30,19.1,78.35,68.65,59,22,0.83
227,Pathalgaon,IN,2021-01-27 20:00:30,22.5667,83.4667,58.93,50,0,5.84
228,Sapouy,BF,2021-01-27 20:00:30,11.5544,-1.7736,78.78,15,10,7.85
229,Padang,ID,2021-01-27 19:57:01,-0.9492,100.3543,73.4,94,75,1.14
230,Bima,ID,2021-01-27 20:00:31,-8.4667,118.7167,76.33,85,100,1.59
231,Sorong,ID,2021-01-27 20:00:31,-0.8833,131.25,80.71,82,100,12.53
232,Taunggyi,MM,2021-01-27 20:00:31,20.7833,97.0333,50.04,71,0,1.88
233,Mafeteng,LS,2021-01-27 20:00:31,-29.823,27.2374,61.92,96,100,7.14
234,Omaruru,NA,2021-01-27 20:00:32,-21.4333,15.9333,73.0,62,21,8.41
235,Mitsamiouli,KM,2021-01-27 20:00:32,-11.3847,43.2844,82.33,66,1,6.58
236,Champua,IN,2021-01-27 20:00:33,22.0833,85.6667,58.23,60,2,2.93
237,Cabo San Lucas,MX,2021-01-27 20:00:33,22.8909,-109.9124,75.99,50,81,3.0
238,Itapira,BR,2021-01-27 20:00:33,-22.4361,-46.8217,79.7,78,94,4.99
239,Shimoda,JP,2021-01-27 19:59:17,34.6667,138.95,41.0,74,93,5.01
240,Klaksvik,FO,2021-01-27 20:00:34,62.2266,-6.589,30.2,80,77,6.91
241,Khorixas,NA,2021-01-27 20:00:34,-20.3667,14.9667,71.92,63,83,13.04
242,Bethel,US,2021-01-27 20:00:34,41.3712,-73.414,34.0,69,90,9.22
243,San Patricio,US,2021-01-27 20:00:34,28.017,-97.5169,71.6,21,75,23.02
244,Cabra,ES,2021-01-27 20:00:35,37.4725,-4.4421,57.2,100,0,2.3
245,Plouzane,FR,2021-01-27 20:00:35,48.3833,-4.6167,53.6,100,90,14.97
246,Bathurst,AU,2021-01-27 20:00:35,-33.4166,149.5806,62.01,80,35,1.99
247,Leh,IN,2021-01-27 20:00:36,34.1667,77.5833,1.4,56,0,1.28
248,Qasigiannguit,GL,2021-01-27 20:00:36,68.8193,-51.1922,8.6,56,20,3.44
249,Puerto Colombia,CO,2021-01-27 19:56:16,10.9878,-74.9547,89.6,51,75,10.36
250,Visim,RU,2021-01-27 20:00:36,57.6488,59.5014,20.73,95,100,13.24
251,Crotone,IT,2021-01-27 20:00:37,39.0851,17.1178,47.89,53,100,8.66
252,Graneros,CL,2021-01-27 20:00:37,-34.0667,-70.7333,86.0,28,0,6.38
253,Arman,RU,2021-01-27 20:00:37,59.7,150.1667,-15.5,79,0,9.89
254,Monte Azul,BR,2021-01-27 20:00:37,-15.155,-42.8747,84.99,41,12,7.27
255,Kongolo,CD,2021-01-27 20:00:38,-5.3833,27.0,71.85,91,79,1.45
256,Broome,US,2021-01-27 20:00:38,42.2506,-75.833,28.0,74,90,9.22
257,Buchanan,LR,2021-01-27 20:00:38,5.8808,-10.0467,82.4,83,40,7.99
258,Nyurba,RU,2021-01-27 19:59:07,63.2842,118.3319,-45.81,78,89,2.53
259,Tura,IN,2021-01-27 20:00:39,25.5198,90.2201,56.34,67,0,2.53
260,Pathein,MM,2021-01-27 20:00:39,16.7833,94.7333,70.2,83,0,6.38
261,Tasiilaq,GL,2021-01-27 20:00:39,65.6145,-37.6368,21.2,49,90,27.63
262,East London,ZA,2021-01-27 20:00:39,-33.0153,27.9116,70.18,81,100,13.53
263,Bereznik,RU,2021-01-27 20:00:40,62.8551,42.7072,28.17,99,100,2.24
264,Kargat,RU,2021-01-27 20:00:40,55.1956,80.2811,18.43,97,98,5.01
265,Zhuhai,CN,2021-01-27 20:00:41,22.2769,113.5678,64.99,88,0,4.61
266,Flagstaff,US,2021-01-27 20:00:03,35.1981,-111.6513,36.0,64,1,5.75
267,Sretensk,RU,2021-01-27 20:00:41,52.2453,117.7093,-22.11,81,92,3.0
268,Soyo,AO,2021-01-27 20:00:42,-6.1349,12.3689,79.27,82,100,3.27
269,Suoyarvi,RU,2021-01-27 20:00:42,62.0833,32.35,18.84,98,50,2.48
270,Forrest City,US,2021-01-27 20:00:43,35.0081,-90.7898,39.2,93,90,11.5
271,Gunnedah,AU,2021-01-27 20:00:43,-30.9833,150.25,70.0,80,0,3.0
272,Flinders,AU,2021-01-27 20:00:44,-34.5833,150.8552,68.0,79,100,1.99
273,Portree,GB,2021-01-27 20:00:44,57.4129,-6.1942,35.01,85,94,5.01
274,Henties Bay,NA,2021-01-27 20:00:44,-22.116,14.2845,68.0,84,39,5.06
275,Hanna,CA,2021-01-27 20:00:29,51.6334,-111.9018,1.99,83,100,3.0
276,Port Hedland,AU,2021-01-27 20:00:45,-20.3167,118.5667,80.6,78,0,8.05
277,Srednekolymsk,RU,2021-01-27 20:00:46,67.45,153.6833,-25.33,86,100,11.68
278,Aksarka,RU,2021-01-27 20:00:46,66.5606,67.7975,-30.14,83,100,5.01
279,Acapulco,MX,2021-01-27 19:55:55,16.8634,-99.8901,84.36,55,57,9.4
280,Byron Bay,AU,2021-01-27 20:00:04,-28.65,153.6167,73.4,88,75,8.05
281,Darnah,LY,2021-01-27 19:58:36,32.767,22.6367,53.62,64,57,16.89
282,Cayenne,GF,2021-01-27 20:00:47,4.9333,-52.3333,84.2,65,75,10.36
283,Rio Tercero,AR,2021-01-27 20:00:48,-32.173,-64.1141,97.84,15,38,8.25
284,Mangla,PK,2021-01-27 20:00:49,31.8931,72.3817,48.78,44,0,0.65
285,Mount Gambier,AU,2021-01-27 20:00:49,-37.8333,140.7667,59.0,88,12,10.36
286,Serafimovskiy,RU,2021-01-27 20:00:49,54.4241,53.7964,20.44,96,100,13.0
287,Sacelu,RO,2021-01-27 20:00:50,45.1,23.5333,29.66,86,97,11.14
288,Oranjemund,NA,2021-01-27 19:59:42,-28.55,16.4333,63.41,81,4,21.99
289,Necochea,AR,2021-01-27 20:00:51,-38.5473,-58.7368,72.0,44,1,4.0
290,Nanakuli,US,2021-01-27 20:00:51,21.3906,-158.1547,78.8,61,20,11.5
291,Hambantota,LK,2021-01-27 20:00:52,6.1241,81.1185,74.66,77,29,15.01
292,Nevsehir,TR,2021-01-27 19:59:31,38.9167,34.6667,48.2,53,75,20.71
293,Kitimat,CA,2021-01-27 20:00:13,54.0524,-128.6534,26.01,84,100,5.68
294,Kangaatsiaq,GL,2021-01-27 20:00:53,68.3065,-53.4641,5.41,94,49,7.43
295,Cabedelo,BR,2021-01-27 20:00:54,-6.9811,-34.8339,84.2,65,40,11.5
296,De-Kastri,RU,2021-01-27 20:00:54,51.4667,140.7833,-3.15,88,100,14.16
297,Kununurra,AU,2021-01-27 20:00:55,-15.7667,128.7333,77.0,100,90,5.75
298,Esperance,AU,2021-01-27 20:00:55,-33.8667,121.9,62.6,94,75,6.91
299,Gryazovets,RU,2021-01-27 20:00:55,58.88,40.2525,28.62,98,99,9.64
300,Peace River,CA,2021-01-27 19:58:03,56.2501,-117.286,-2.2,71,90,14.97
301,Zarubino,RU,2021-01-27 20:00:56,42.63,131.0922,16.56,92,100,12.73
302,Matagalpa,NI,2021-01-27 20:00:23,12.9256,-85.9175,75.2,60,20,18.41
303,Emerald,AU,2021-01-27 20:00:57,-23.5333,148.1667,75.2,73,0,6.91
304,Bhandara,IN,2021-01-27 20:00:57,21.1667,79.65,68.0,64,11,2.3
305,Cherskiy,RU,2021-01-27 20:00:58,68.75,161.3,-22.76,85,100,3.4
306,Shingu,JP,2021-01-27 20:00:58,33.7333,135.9833,49.95,65,67,6.22
307,Korla,CN,2021-01-27 20:00:59,41.7597,86.1469,20.89,82,0,3.0
308,Nosy Varika,MG,2021-01-27 20:00:59,-20.5833,48.5333,77.94,86,9,4.36
309,Naifaru,MV,2021-01-27 20:00:59,5.4444,73.3657,80.42,67,81,10.92
310,Chernyshevskiy,RU,2021-01-27 20:01:00,63.0128,112.4714,-46.14,81,42,1.12
311,Norfolk,US,2021-01-27 19:57:16,42.1668,-71.2495,36.0,80,90,4.61
312,Avera,US,2021-01-27 19:59:08,33.194,-82.5271,59.0,78,90,8.05
313,Onguday,RU,2021-01-27 20:01:01,50.75,86.15,16.34,88,100,2.28
314,Krasnoselkup,RU,2021-01-27 20:01:01,65.7,82.4667,-38.15,82,29,4.47
315,Manggar,ID,2021-01-27 20:01:02,-2.8833,108.2667,77.58,87,90,8.12
316,Huanan,CN,2021-01-27 20:01:03,46.2167,130.5167,-8.79,87,85,4.21
317,Haukipudas,FI,2021-01-27 20:01:03,65.1765,25.3523,18.0,93,90,5.75
318,Comodoro Rivadavia,AR,2021-01-27 19:58:16,-45.8667,-67.5,66.2,45,40,10.36
319,Sao Jose Da Coroa Grande,BR,2021-01-27 20:01:04,-8.8978,-35.1478,79.3,78,38,9.91
320,Kokopo,PG,2021-01-27 20:01:04,-4.352,152.2633,79.36,83,100,7.05
321,Rexburg,US,2021-01-27 20:01:04,43.826,-111.7897,28.4,80,90,14.97
322,Fukue,JP,2021-01-27 20:01:04,32.6881,128.8419,51.93,70,64,15.17
323,Khani,GE,2021-01-27 20:01:05,41.9563,42.9566,60.8,21,0,20.71
324,Suhbaatar,MN,2021-01-27 20:01:05,50.2314,106.2078,-20.58,83,10,4.23
325,Sao Filipe,CV,2021-01-27 19:59:36,14.8961,-24.4956,75.74,67,0,4.07
326,Yarada,IN,2021-01-27 20:01:05,17.65,83.2667,73.4,94,20,2.3
327,Nurota,UZ,2021-01-27 20:01:06,40.5614,65.6886,30.2,80,0,6.91
328,Vila Franca Do Campo,PT,2021-01-27 20:01:06,37.7167,-25.4333,64.0,94,40,19.57
329,Moju,BR,2021-01-27 19:56:28,-1.8839,-48.7689,84.2,70,40,12.66
330,Yulara,AU,2021-01-27 20:01:06,-25.2406,130.9889,75.2,78,97,8.05
331,Seymchan,RU,2021-01-27 20:01:07,62.8833,152.4333,-37.86,79,93,1.59
332,Aklavik,CA,2021-01-27 20:01:07,68.2191,-135.0107,-13.0,77,100,2.3
333,La Plata,AR,2021-01-27 19:57:06,-34.9215,-57.9545,82.99,51,0,4.0
334,Mana,GF,2021-01-27 20:01:07,5.6592,-53.7767,79.93,72,14,11.32
335,Wattegama,LK,2021-01-27 20:01:07,6.7989,81.4808,69.87,84,73,6.58
336,San Jose,US,2021-01-27 19:56:46,37.3394,-121.895,52.0,76,75,14.97
337,Cantavir,RS,2021-01-27 20:01:08,45.9219,19.7627,30.56,94,15,8.19
338,Daru,PG,2021-01-27 20:01:08,-9.0763,143.2092,77.97,86,100,12.12
339,Pangnirtung,CA,2021-01-27 20:01:08,66.1451,-65.7125,-4.0,77,1,2.55
340,Gizo,SB,2021-01-27 20:01:09,-8.103,156.8419,83.48,76,98,10.16
341,Sistranda,NO,2021-01-27 20:01:09,63.7256,8.834,32.0,100,75,17.27
342,Caravelas,BR,2021-01-27 19:59:24,-17.7125,-39.2481,80.42,68,100,6.93
343,Canmore,CA,2021-01-27 20:00:12,51.0834,-115.3521,6.8,78,100,3.44
344,Dickinson,US,2021-01-27 20:01:10,29.4608,-95.0513,69.01,22,1,19.57
345,Narsaq,GL,2021-01-27 20:01:10,60.9167,-46.05,37.4,32,75,32.21
346,Drochia,MD,2021-01-27 20:01:10,48.035,27.8161,30.52,92,100,16.71
347,Guerrero Negro,MX,2021-01-27 19:59:21,27.9769,-114.0611,62.85,38,100,6.31
348,Tabou,CI,2021-01-27 20:01:11,4.423,-7.3528,78.8,83,0,6.02
349,Tecoanapa,MX,2021-01-27 20:01:11,16.5167,-98.75,84.15,53,12,10.69
350,Xuddur,SO,2021-01-27 20:01:11,4.1213,43.8894,77.13,48,0,14.07
351,Hasaki,JP,2021-01-27 19:58:59,35.7333,140.8333,37.4,75,75,6.91
352,Ratnapura,LK,2021-01-27 20:01:12,6.6828,80.3992,71.1,80,94,2.06
353,Rundu,NA,2021-01-27 20:01:12,-17.9333,19.7667,70.32,83,100,5.59
354,Ayan,RU,2021-01-27 20:01:12,56.45,138.1667,-7.44,89,100,11.25
355,Kiunga,PG,2021-01-27 19:59:26,-6.1219,141.2906,72.39,97,99,1.48
356,Ozernovskiy,RU,2021-01-27 20:01:13,51.5,156.5167,22.21,85,100,7.07
357,Constitucion,CL,2021-01-27 20:01:13,-35.3333,-72.4167,66.36,50,84,21.85
358,Alofi,NU,2021-01-27 20:01:13,-19.0595,-169.9187,78.8,89,100,8.05
359,San Andres,CO,2021-01-27 20:00:11,12.5847,-81.7006,84.2,74,40,13.8
360,Haines Junction,CA,2021-01-27 20:01:14,60.7522,-137.5108,-25.6,68,76,0.72
361,Grand-Lahou,CI,2021-01-27 20:01:14,5.1367,-5.0242,79.41,85,0,9.53
362,Mega,ET,2021-01-27 20:01:14,4.05,38.3,63.81,42,0,12.8
363,Honningsvag,NO,2021-01-27 20:01:15,70.9821,25.9704,24.8,74,40,20.71
364,Swellendam,ZA,2021-01-27 20:01:15,-34.0226,20.4417,60.8,63,83,3.44
365,Coaraci,BR,2021-01-27 20:01:15,-14.6408,-39.5511,82.4,74,20,5.75
366,Kabelvag,NO,2021-01-27 20:01:15,68.2114,14.4817,28.4,64,0,18.41
367,Nizwa,OM,2021-01-27 20:01:16,22.9333,57.5333,55.83,56,0,2.33
368,Cap Malheureux,MU,2021-01-27 20:01:16,-19.9842,57.6142,78.01,81,0,6.62
369,Jumla,NP,2021-01-27 20:01:16,29.2747,82.1838,33.19,42,0,5.17
370,Shu,KZ,2021-01-27 20:01:16,43.5983,73.7614,10.6,91,0,0.72
371,Ugoofaaru,MV,2021-01-27 20:01:17,5.6667,73.0,80.67,68,33,11.14
372,Nikolskoye,RU,2021-01-27 20:01:17,59.7035,30.7861,33.8,93,75,4.47
373,Nago,JP,2021-01-27 20:01:17,26.5881,127.9761,64.4,67,40,14.97
374,Chokurdakh,RU,2021-01-27 19:58:39,70.6333,147.9167,-16.33,88,100,14.32
375,Riyadh,SA,2021-01-27 20:00:39,24.6877,46.7219,68.0,30,0,8.05
376,Cozmesti,RO,2021-01-27 20:01:18,46.8833,27.9833,32.0,74,90,13.8
377,Tara,RU,2021-01-27 20:01:18,56.8944,74.371,19.76,98,97,3.13
378,Yerbogachen,RU,2021-01-27 20:01:18,61.2767,108.0108,-39.84,80,49,5.3
379,Hervey Bay,AU,2021-01-27 20:01:18,-25.2986,152.8535,73.0,89,6,1.01
380,Bued,PH,2021-01-27 20:01:19,16.1667,120.0,76.51,81,34,10.47
381,Ancud,CL,2021-01-27 20:01:19,-41.8697,-73.8203,66.99,59,20,13.8
382,Belaya Gora,RU,2021-01-27 20:01:19,68.5333,146.4167,-23.76,87,100,1.41
383,Wuzhou,CN,2021-01-27 20:01:20,23.4833,111.3167,64.8,49,100,4.72
384,Kagadi,UG,2021-01-27 20:01:20,0.9606,30.7967,71.44,46,15,3.47
385,Kachiry,KZ,2021-01-27 20:01:20,53.0675,76.1036,23.65,97,100,12.53
386,Saint-Augustin,CA,2021-01-27 20:01:20,51.226,-58.6502,20.14,93,84,7.49
387,Abu Samrah,SY,2021-01-27 20:01:20,35.3029,37.1841,51.37,56,100,5.82
388,Paredon,MX,2021-01-27 20:01:21,16.0333,-93.8667,89.4,45,3,12.55
389,Guasdualito,VE,2021-01-27 20:01:21,7.2424,-70.7324,88.68,44,100,6.24
390,Guangyuan,CN,2021-01-27 19:58:24,32.442,105.823,30.99,65,52,4.9
391,Ishigaki,JP,2021-01-27 19:59:12,24.3448,124.1572,64.72,77,71,16.51
392,Gornyy,RU,2021-01-27 20:01:22,55.1153,83.9059,17.11,98,100,5.35
393,Loei,TH,2021-01-27 20:01:22,17.4167,101.5,73.99,93,18,1.63
394,Aktau,KZ,2021-01-27 20:01:22,43.65,51.2,32.0,64,0,24.61
395,Ventspils,LV,2021-01-27 20:01:22,57.3894,21.5606,33.8,80,90,6.91
396,Sulangan,PH,2021-01-27 20:01:23,11.1373,123.7228,79.97,82,100,15.84
397,Hare Bay,CA,2021-01-27 20:01:23,48.8499,-54.0148,26.6,86,90,9.22
398,Areni,AM,2021-01-27 20:01:23,39.7191,45.1799,23.0,86,90,4.61
399,Souillac,MU,2021-01-27 19:59:26,-20.5167,57.5167,75.2,83,20,4.61
400,Luebo,CD,2021-01-27 19:59:10,-5.35,21.4167,71.01,96,100,2.93
401,Marsh Harbour,BS,2021-01-27 19:58:49,26.5412,-77.0636,77.43,75,1,13.27
402,Bowen,AU,2021-01-27 20:01:24,-20.0167,148.2333,73.4,94,29,8.05
403,Huntington Beach,US,2021-01-27 20:00:13,33.6603,-117.9992,60.01,51,75,9.22
404,Sechura,PE,2021-01-27 19:59:08,-5.5569,-80.8222,84.4,48,39,12.64
405,Sola,VU,2021-01-27 20:01:25,-13.8833,167.55,82.15,82,100,19.66
406,Touros,BR,2021-01-27 20:01:25,-5.1989,-35.4608,86.0,54,20,19.57
407,Kudahuvadhoo,MV,2021-01-27 20:01:25,2.6708,72.8944,80.26,74,48,18.77
408,Birnin Kebbi,NG,2021-01-27 20:01:26,12.4539,4.1975,78.93,16,25,9.01
409,Maxixe,MZ,2021-01-27 20:01:26,-23.8597,35.3472,82.4,83,20,5.75
410,Barela,IN,2021-01-27 20:01:26,23.1,80.05,54.19,43,0,4.09
411,Bilibino,RU,2021-01-27 20:01:26,68.0546,166.4372,-10.01,84,100,6.24
412,Nantucket,US,2021-01-27 20:00:30,41.2835,-70.0995,39.2,93,75,11.5
413,Nieuw Amsterdam,SR,2021-01-27 19:59:27,5.8833,-55.0833,84.2,65,40,16.11
414,Sikasso,ML,2021-01-27 20:01:27,10.9167,-7.0,80.98,15,0,4.63
415,Cockburn Town,TC,2021-01-27 20:01:28,21.4612,-71.1419,80.6,57,40,11.5
416,Atar,MR,2021-01-27 20:01:28,20.5169,-13.0499,74.93,16,0,10.56
417,Ryazan,RU,2021-01-27 20:01:28,54.6197,39.74,32.7,97,100,2.55
418,Morro Bay,US,2021-01-27 20:01:28,35.3658,-120.8499,52.0,96,100,4.0
419,Itarema,BR,2021-01-27 20:01:28,-2.9248,-39.9167,83.12,68,46,15.66
420,Beyneu,KZ,2021-01-27 20:01:29,45.3167,55.2,30.29,97,0,19.06
421,Roald,NO,2021-01-27 20:01:29,62.5833,6.1333,32.0,100,90,10.36
422,Santa Fe,AR,2021-01-27 19:59:15,-31.6333,-60.7,98.01,33,15,4.0
423,Rawson,AR,2021-01-27 20:01:29,-43.3002,-65.1023,70.99,31,99,15.32
424,Pombas,CV,2021-01-27 20:01:29,17.1503,-25.0201,71.6,78,20,20.71
425,Carlisle,US,2021-01-27 20:01:30,40.2015,-77.1889,37.99,59,47,3.0
426,Camapua,BR,2021-01-27 20:01:30,-19.5314,-54.0439,85.55,60,97,8.63
427,Mehamn,NO,2021-01-27 20:01:30,71.0357,27.8492,23.0,80,90,14.97
428,Xam Nua,LA,2021-01-27 20:01:30,20.4197,104.0439,56.23,94,32,2.64
429,Chase,CA,2021-01-27 20:01:31,50.8165,-119.6857,33.01,93,100,1.14
430,Jalu,LY,2021-01-27 20:01:31,29.0331,21.5482,50.95,56,0,10.71
431,Sobolevo,RU,2021-01-27 20:01:31,54.4299,31.8996,27.32,98,100,4.83
432,Tautira,PF,2021-01-27 20:01:31,-17.7333,-149.15,82.4,69,75,1.14
433,Newtownards,GB,2021-01-27 20:01:32,54.5924,-5.6909,45.0,100,90,8.05
434,Iqaluit,CA,2021-01-27 20:01:32,63.7506,-68.5145,0.0,71,1,13.8
435,Saldanha,ZA,2021-01-27 20:01:32,-33.0117,17.9442,64.4,68,0,21.85
436,Skelleftea,SE,2021-01-27 20:01:32,64.7507,20.9528,19.4,86,90,8.05
437,Marzuq,YE,2021-01-27 20:01:33,14.4,46.4667,58.96,60,0,2.13
438,Princeton,US,2021-01-27 20:01:33,25.5384,-80.4089,87.01,48,20,10.36
439,Te Anau,NZ,2021-01-27 20:00:42,-45.4167,167.7167,48.61,73,70,5.7
440,Lyuban,BY,2021-01-27 20:01:33,52.7985,28.0048,30.15,99,100,6.15
441,Amahai,ID,2021-01-27 20:01:33,-3.3333,128.9167,82.99,82,100,7.49
442,Ngunguru,NZ,2021-01-27 20:01:34,-35.6167,174.5,66.99,87,67,5.99
443,Touho,NC,2021-01-27 20:01:34,-20.7833,165.2333,78.17,80,100,12.59
444,Clovis,US,2021-01-27 20:00:06,36.8252,-119.7029,48.99,81,90,13.8
445,Havre-Saint-Pierre,CA,2021-01-27 20:01:34,50.2334,-63.5986,24.8,50,90,8.05
446,Akyab,MM,2021-01-27 20:01:34,20.15,92.9,63.39,63,0,6.22
447,San Joaquin,US,2021-01-27 20:01:35,37.9333,-121.3011,50.0,81,90,20.71
448,Victor Harbor,AU,2021-01-27 20:01:35,-35.5667,138.6167,59.0,87,86,7.0
449,Vuktyl,RU,2021-01-27 20:01:35,63.8567,57.3094,23.81,98,100,13.38
450,Udomlya,RU,2021-01-27 20:01:36,57.8794,34.9925,23.83,98,84,4.52
451,Ngaoundere,CM,2021-01-27 20:01:36,7.3167,13.5833,69.3,24,0,4.74
452,Paciran,ID,2021-01-27 20:01:37,-6.8767,112.3761,77.65,88,100,12.33
453,Samarai,PG,2021-01-27 20:01:37,-10.6167,150.6667,80.64,84,98,11.01
454,Cuamba,MZ,2021-01-27 20:01:37,-14.8031,36.5372,71.8,90,100,1.61
455,Tomatlan,MX,2021-01-27 20:01:37,19.9333,-105.25,84.76,45,0,8.84
456,Seydi,TM,2021-01-27 20:01:37,39.4816,62.9137,36.01,80,0,8.34
457,Hobyo,SO,2021-01-27 20:01:38,5.3505,48.5268,76.26,77,0,18.84
458,Barra Do Garcas,BR,2021-01-27 20:01:38,-15.89,-52.2567,85.08,62,53,5.06
459,Mucurapo,TT,2021-01-27 20:01:38,10.6667,-61.5333,86.0,54,40,11.5
460,Filadelfia,US,2021-01-27 19:57:13,39.9523,-75.1638,37.4,56,90,17.27
461,Tuma,RU,2021-01-27 20:01:39,55.148,40.5537,33.48,98,100,3.4
462,Quatre Cocos,MU,2021-01-27 20:01:39,-20.2078,57.7625,78.01,83,20,4.61
463,Victoria,HK,2021-01-27 20:00:21,22.2855,114.1577,64.0,85,0,8.61
464,Namanyere,TZ,2021-01-27 20:01:40,-7.5167,31.05,60.66,94,78,2.98
465,San Juan De Los Morros,VE,2021-01-27 20:01:40,9.9115,-67.3538,85.42,42,100,7.65
466,Nekrasovka,RU,2021-01-27 20:01:40,48.3525,135.2325,-7.6,54,0,11.18
467,Ilulissat,GL,2021-01-27 20:01:40,69.2167,-51.1,8.6,56,20,3.44
468,Carutapera,BR,2021-01-27 20:01:41,-1.195,-46.02,83.37,68,83,7.78
469,Turukhansk,RU,2021-01-27 19:58:50,65.8167,87.9833,-28.43,82,100,5.95
470,Sambava,MG,2021-01-27 19:59:16,-14.2667,50.1667,78.76,79,16,0.27
471,Basoko,CD,2021-01-27 20:01:41,1.2391,23.616,72.41,91,100,4.05
472,Kempten,DE,2021-01-27 20:01:41,47.7267,10.3139,34.0,89,100,5.77
473,Maniitsoq,GL,2021-01-27 20:01:42,65.4167,-52.9,19.54,75,0,6.24
474,Raudeberg,NO,2021-01-27 20:01:42,61.9875,5.1352,30.99,87,100,13.65
475,Baoying,CN,2021-01-27 20:01:42,33.2292,119.3092,46.0,99,51,10.47
476,Mujiayingzi,CN,2021-01-27 20:01:42,42.1167,118.7833,-4.29,81,0,11.1
477,Phan Thiet,VN,2021-01-27 20:01:11,10.9333,108.1,70.97,88,100,8.01
478,Carira,BR,2021-01-27 20:01:43,-10.3608,-37.7011,81.45,56,88,16.13
479,Staunton,US,2021-01-27 19:58:27,38.1496,-79.0717,46.0,60,75,6.91
480,Bolshaya Rechka,RU,2021-01-27 20:01:43,51.9503,104.7355,-20.2,76,0,4.47
481,Inirida,CO,2021-01-27 20:01:43,3.8653,-67.9239,86.27,66,69,5.28
482,Acarau,BR,2021-01-27 19:58:02,-2.8856,-40.12,83.52,68,34,16.31
483,Akrata,GR,2021-01-27 20:01:44,38.15,22.3167,46.0,24,0,3.0
484,Orocue,CO,2021-01-27 20:01:44,4.7912,-71.3354,91.58,41,45,13.94
485,Araouane,ML,2021-01-27 20:01:44,18.9048,-3.5265,72.9,18,0,9.48
486,Pringsewu,ID,2021-01-27 20:01:44,-5.3582,104.9744,72.5,92,100,2.55
487,Kavieng,PG,2021-01-27 20:01:45,-2.5744,150.7967,83.34,72,99,9.53
488,Arrifes,PT,2021-01-27 20:01:45,37.7667,-25.7,64.0,94,40,19.57
489,Tallahassee,US,2021-01-27 19:59:42,30.4383,-84.2807,71.6,94,90,8.05
490,Zykovo,RU,2021-01-27 20:01:46,55.9519,93.1461,5.0,78,40,11.18
491,Dunedin,NZ,2021-01-27 20:01:00,-45.8742,170.5036,54.0,64,0,27.0
492,Morondava,MG,2021-01-27 20:01:46,-20.2833,44.2833,82.85,77,52,6.46
493,Fairfield,US,2021-01-27 20:01:46,41.2668,-73.3162,36.0,69,90,10.36
494,Kupang,ID,2021-01-27 20:01:46,-10.1667,123.5833,79.74,81,100,8.86
495,Crown Point,US,2021-01-27 20:01:47,41.417,-87.3653,28.99,74,90,6.91
496,Kirensk,RU,2021-01-27 20:01:47,57.7853,108.1119,-35.28,80,97,2.37
497,Luba,GQ,2021-01-27 20:01:47,3.4568,8.5547,80.6,77,20,6.91
498,Ahtopol,BG,2021-01-27 20:01:48,42.1,27.95,33.8,86,75,5.75
499,Sao Domingos Do Maranhao,BR,2021-01-27 20:01:48,-5.5758,-44.3853,78.98,91,100,2.04
500,Namibe,AO,2021-01-27 20:01:48,-15.1961,12.1522,75.4,77,80,10.71
501,Bud,US,2021-01-27 20:01:48,39.447,-86.1758,30.0,82,100,10.13
502,Pacific Grove,US,2021-01-27 20:01:17,36.6177,-121.9166,53.6,76,90,11.56
503,Mattru,SL,2021-01-27 20:01:49,7.6244,-11.8332,79.43,73,0,5.57
504,Carlsbad,US,2021-01-27 20:00:13,33.1581,-117.3506,61.0,47,1,4.65
505,Shorapur,IN,2021-01-27 20:01:17,16.5167,76.75,69.12,60,1,10.38
506,Owando,CG,2021-01-27 20:01:49,-0.4819,15.8999,71.58,93,100,3.33
507,Yeppoon,AU,2021-01-27 20:01:50,-23.1333,150.7333,75.2,83,40,5.75
508,Palu,ID,2021-01-27 20:01:50,-0.8917,119.8707,74.93,82,100,2.46
509,Srandakan,ID,2021-01-27 20:01:50,-7.9386,110.2506,75.94,89,100,7.11
510,Meadow Lake,US,2021-01-27 20:01:50,34.8014,-106.5436,37.0,51,1,4.05
511,Vanavara,RU,2021-01-27 20:01:50,60.34,102.2797,-19.37,84,100,11.61
512,Monrovia,LR,2021-01-27 20:01:51,6.3005,-10.7969,80.6,89,40,7.25
513,Birao,CF,2021-01-27 19:59:13,10.2849,22.7882,79.52,16,95,6.31
514,Tessalit,ML,2021-01-27 19:59:43,20.1986,1.0114,70.2,20,0,9.69
515,Ystad,SE,2021-01-27 20:01:52,55.4297,13.8204,35.6,93,90,9.22
516,Hirara,JP,2021-01-27 20:01:52,24.8,125.2833,63.52,76,100,16.11
517,Ulaangom,MN,2021-01-27 20:01:52,49.9811,92.0667,-15.97,87,92,1.81
518,Axim,GH,2021-01-27 20:01:52,4.8699,-2.2405,79.45,84,61,9.66
519,Vila Velha,BR,2021-01-27 19:57:42,-20.3297,-40.2925,89.01,58,20,17.27
520,Tazovskiy,RU,2021-01-27 20:01:53,67.4667,78.7,-37.71,82,7,5.37
521,Port Hardy,CA,2021-01-27 20:01:53,50.6996,-127.4199,37.4,87,90,11.5
522,Vitim,RU,2021-01-27 20:01:53,59.4511,112.5578,-39.91,78,31,2.01
523,Nishihara,JP,2021-01-27 19:58:56,26.1842,127.7558,62.6,67,40,14.97
524,Bardiyah,LY,2021-01-27 20:01:54,31.7561,25.0865,53.6,58,0,14.83
525,Camargo,MX,2021-01-27 20:00:05,27.6667,-105.1667,54.81,36,78,5.1
526,Pimentel,PE,2021-01-27 19:59:01,-6.8367,-79.9342,80.6,57,0,21.85
527,Samus,RU,2021-01-27 20:01:54,56.7475,84.6992,-0.4,78,40,6.71
528,Juneau,US,2021-01-27 20:00:05,58.3019,-134.4197,21.2,38,20,20.71
529,Pulaski,US,2021-01-27 19:57:38,34.7668,-92.3001,41.0,81,90,12.66
530,Kahului,US,2021-01-27 20:00:02,20.8947,-156.47,75.2,73,40,19.57
531,Partapur,IN,2021-01-27 20:01:55,23.6,74.1667,55.42,38,0,6.31
532,Cam Ranh,VN,2021-01-27 20:01:55,11.9214,109.1591,75.2,73,40,11.5
533,Nelson Bay,AU,2021-01-27 20:01:32,-32.7167,152.15,71.01,100,90,19.57
534,Inhambane,MZ,2021-01-27 19:59:21,-23.865,35.3833,82.4,83,20,5.75
535,Yingcheng,CN,2021-01-27 20:01:56,30.95,113.55,39.2,100,90,4.47
536,Fare,PF,2021-01-27 20:01:56,-16.7,-151.0167,81.23,73,43,15.57
537,Benghazi,LY,2021-01-27 19:59:31,32.1167,20.0667,57.04,52,99,11.88
538,Acajutla,SV,2021-01-27 20:01:01,13.5928,-89.8275,87.8,42,0,2.3
539,Paita,PE,2021-01-27 20:01:57,-5.0892,-81.1144,87.8,51,0,18.41
540,Bambanglipuro,ID,2021-01-27 20:01:57,-7.95,110.2833,75.74,90,100,7.0
541,Marawi,PH,2021-01-27 20:01:57,7.9986,124.2928,71.01,91,100,5.01
542,Seoul,KR,2021-01-27 20:00:44,37.5683,126.9778,30.2,80,0,2.3
543,Teknaf,BD,2021-01-27 20:01:58,20.8624,92.3058,64.22,57,0,12.48
544,Hay River,CA,2021-01-27 20:01:59,60.8156,-115.7999,-11.2,70,100,9.22
545,Chara,RU,2021-01-27 19:59:03,56.9064,118.2631,-30.17,76,100,0.69
546,Bafilo,TG,2021-01-27 20:01:59,9.35,1.2667,76.75,18,3,2.19
547,Berlevag,NO,2021-01-27 20:01:59,70.8578,29.0864,24.8,74,75,27.63
548,Udachnyy,RU,2021-01-27 20:01:07,66.4167,112.4,-40.68,79,3,0.58
549,Serenje,ZM,2021-01-27 20:02:00,-13.2325,30.2352,63.21,94,95,2.59
550,Yalkhoy-Mokhk,RU,2021-01-27 20:02:00,43.1053,46.1904,37.4,87,90,2.24
551,Cairns,AU,2021-01-27 20:01:52,-16.9167,145.7667,77.0,88,40,2.3
552,Kattivakkam,IN,2021-01-27 20:02:00,13.2167,80.3167,73.4,88,40,7.58
553,Tatarsk,RU,2021-01-27 20:02:01,55.219,75.9828,18.82,98,83,7.96
554,Arica,CL,2021-01-27 19:58:03,-18.475,-70.3042,75.2,60,0,17.27
555,Morros,BR,2021-01-27 20:02:01,-9.4467,-46.3003,86.81,49,99,3.49
556,Moose Factory,CA,2021-01-27 20:02:01,51.2585,-80.6094,3.2,78,90,11.5
557,Kumluca,TR,2021-01-27 20:02:02,36.3703,30.2869,48.58,58,0,15.46
558,Edd,ER,2021-01-27 20:02:02,13.9297,41.6925,77.38,43,0,22.66
559,Muswellbrook,AU,2021-01-27 20:02:02,-32.2667,150.9,69.01,82,100,4.0
560,Dali,CN,2021-01-27 20:02:03,25.7,100.1833,40.66,68,0,2.93
